{
    "keyboard_name": "gergo",
    "manufacturer": "grammy(me)",
    "maintainer": "grammy(me)",
    "usb": {
        "vid": "0xCB10",
        "pid": "0x1257",
        "device_version": "1.0.0"
    },
    "matrix_pins": {
        "cols": ["C7", "D5", "B7", "B5", "B4", "E6"],  
        "rows": ["D4", "C6", "D7", "F0"]
    },
    "encoder": {
        "rotary": [
            {"pin_a": "F1", "pin_b": "B6"}  
        ]
    },
    "features": {
        "bootmagic": false,
        "mousekey": true,
        "encoder": true,
        "extrakey": true,
        "rgblight": false
    },
    "diode_direction": "COL2ROW",
    "split": {
        "encoder": {
            "right": {
                "rotary": [
                    {"pin_a": "B7", "pin_b": "D5"}  
                ]
            }
        },
        "matrix_pins": {
            "right": {
            "cols": ["C7", "F7", "B1", "B3", "B2", "B6"],  
            "rows": ["F4", "F5", "F6", "B5"]
            }
        },
        "serial": {
            "pin": "D0"
        }
        
    },
    "processor": "atmega32u4",
    "bootloader": "caterina",
    "qmk": {
        "locking": {
            "enabled": true,
            "resync": true
        }
    },
    "build": {
        "lto": true
    },
    "layouts": {
        "LAYOUT_polydactyl": {
            "layout": [
                {"label": "L01", "matrix": [0, 0], "x": 0, "y": 0},
                {"label": "L02", "matrix": [0, 1], "x": 1, "y": 0},
                {"label": "L03", "matrix": [0, 2], "x": 2, "y": 0},
                {"label": "L04", "matrix": [0, 3], "x": 3, "y": 0},
                {"label": "L05", "matrix": [0, 4], "x": 4, "y": 0},
                {"label": "L06", "matrix": [0, 5], "x": 5, "y": 0},

                {"label": "R01", "matrix": [4, 5], "x": 9, "y": 0},
                {"label": "R02", "matrix": [4, 4], "x": 10, "y": 0},
                {"label": "R03", "matrix": [4, 3], "x": 11, "y": 0},
                {"label": "R04", "matrix": [4, 2], "x": 12, "y": 0},
                {"label": "R05", "matrix": [4, 1], "x": 13, "y": 0},
                {"label": "R06", "matrix": [4, 0], "x": 14, "y": 0},

                {"label": "L10", "matrix": [1, 0], "x": 0, "y": 1},
                {"label": "L11", "matrix": [1, 1], "x": 1, "y": 1},
                {"label": "L12", "matrix": [1, 2], "x": 2, "y": 1},
                {"label": "L13", "matrix": [1, 3], "x": 3, "y": 1},
                {"label": "L14", "matrix": [1, 4], "x": 4, "y": 1},
                {"label": "L15", "matrix": [1, 5], "x": 5, "y": 1},

                {"label": "R10", "matrix": [5, 5], "x": 9, "y": 1},
                {"label": "R11", "matrix": [5, 4], "x": 10, "y": 1},
                {"label": "R12", "matrix": [5, 3], "x": 11, "y": 1},
                {"label": "R13", "matrix": [5, 2], "x": 12, "y": 1},
                {"label": "R14", "matrix": [5, 1], "x": 13, "y": 1},
                {"label": "R15", "matrix": [5, 0], "x": 14, "y": 1},

                {"label": "L20", "matrix": [2, 0], "x": 0, "y": 2},
                {"label": "L21", "matrix": [2, 1], "x": 1, "y": 2},
                {"label": "L22", "matrix": [2, 2], "x": 2, "y": 2},
                {"label": "L23", "matrix": [2, 3], "x": 3, "y": 2},
                {"label": "L24", "matrix": [2, 4], "x": 4, "y": 2},
                {"label": "L25", "matrix": [2, 5], "x": 5, "y": 2},

                {"label": "R20", "matrix": [6, 5], "x": 9, "y": 2},
                {"label": "R21", "matrix": [6, 4], "x": 10, "y": 2},
                {"label": "R22", "matrix": [6, 3], "x": 11, "y": 2},
                {"label": "R23", "matrix": [6, 2], "x": 12, "y": 2},
                {"label": "R24", "matrix": [6, 1], "x": 13, "y": 2},
                {"label": "R25", "matrix": [6, 0], "x": 14, "y": 2},

                {"label": "L31", "matrix": [3, 3], "x": 4, "y": 3},
                {"label": "L32", "matrix": [3, 4], "x": 5, "y": 3},
                {"label": "L33", "matrix": [3, 5], "x": 6, "y": 3},

                {"label": "R31", "matrix": [7, 5], "x": 8, "y": 3},
                {"label": "R32", "matrix": [7, 4], "x": 9, "y": 3},
                {"label": "R33", "matrix": [7, 3], "x": 10, "y": 3} 
            ]
        }
    }
}
